repo_name,test_func,main_api,sec_op,var_type,var,scope,violated_path_num
kernel,hns_mac_register_phy,hns_dsaf_find_platform_device,put_device,retval,pdev,Local,2
kernel,img_ir_probe_hw,rc_allocate_device,rc_free_device,retval,hw->rdev,Global,4
kernel,img_ir_probe_raw,rc_allocate_device,rc_free_device,retval,raw->rdev,Global,2
kernel,st_rc_probe,rc_allocate_device,rc_free_device,retval,rdev,Local,3
kernel,hix5hd2_ir_probe,rc_allocate_device,rc_free_device,retval,rdev,Local,2
kernel,irtoy_probe,rc_allocate_device,rc_free_device,retval,rc,Local,2
kernel,i5100_init_one,edac_mc_alloc,edac_mc_free,retval,mci,Local,3
kernel,mc_probe,edac_mc_alloc,edac_mc_free,retval,mci,Local,9
kernel,highbank_mc_probe,edac_mc_alloc,edac_mc_free,retval,mci,Local,2
kernel,ghes_edac_register,edac_mc_alloc,edac_mc_free,retval,mci,Local,4
kernel,xhci_mvebu_a3700_plat_setup,of_phy_get,of_phy_put,retval,phy,Local,2
kernel,fme_bridge_enable_set,dfl_fpga_port_ops_get,dfl_fpga_port_ops_put,retval,ops,Local,2
kernel,vsp1_probe,rcar_fcp_get,rcar_fcp_put,retval,vsp1->fcp,Global,7
kernel,fdp1_probe,rcar_fcp_get,rcar_fcp_put,retval,fdp1->fcp,Global,6
kernel,rawsock_connect,nfc_get_device,nfc_put_device,retval,dev,Local,2
kernel,nfc_genl_stop_poll,nfc_get_device,nfc_put_device,retval,dev,Local,2
kernel,nfc_genl_se_io,nfc_get_device,nfc_put_device,retval,dev,Local,5
kernel,nfc_genl_vendor_cmd,nfc_get_device,nfc_put_device,retval,dev,Local,6
kernel,llcp_sock_connect,nfc_get_device,nfc_put_device,retval,dev,Local,2
kernel,bcm_sf2_mdio_register,of_mdio_find_bus,put_device,retval,priv->master_mii_bus,Global,3
kernel,ux500_musb_init,usb_get_phy,usb_put_phy,retval,musb->xceiv,Global,2
kernel,da8xx_musb_init,usb_get_phy,usb_put_phy,retval,musb->xceiv,Global,3
kernel,tusb_musb_init,usb_get_phy,usb_put_phy,retval,musb->xceiv,Global,5
kernel,pxa_udc_probe,usb_get_phy,usb_put_phy,retval,udc->transceiver,Global,15
kernel,usb_otg_start,usb_get_phy,usb_put_phy,retval,otg_trans,Global,4
kernel,usbhs_mod_gadget_probe,usb_get_phy,usb_put_phy,retval,gpriv->transceiver,Global,2
kernel,fsl_udc_probe,usb_get_phy,usb_put_phy,retval,udc_controller->transceiver,Global,23
kernel,cpufreq_cpu_acquire,cpufreq_cpu_get,cpufreq_cpu_put,retval,policy,Global,2
kernel,cpuhp_dtpm_cpu_online,cpufreq_cpu_get,cpufreq_cpu_put,retval,policy,Local,4
kernel,imx_thermal_register_legacy_cooling,cpufreq_cpu_get,cpufreq_cpu_put,retval,data->policy,Global,2
kernel,bgx_init_of_phy,of_phy_find_device,put_device,retval,pd,Local,2
kernel,xgmiitorgmii_probe,of_phy_find_device,put_device,retval,priv->phy_dev,Global,2
kernel,bcm_sf2_mdio_register,of_phy_find_device,put_device,retval,phydev,Local,2
kernel,cxgbi_hbas_add,pci_dev_get,pci_dev_put,retval,,Global,2
kernel,init_pmc551,pci_dev_get,pci_dev_put,retval,,Global,5
kernel,i7300_get_devices,pci_dev_get,pci_dev_put,retval,,Global,15
kernel,pci_iov_add_virtfn,pci_dev_get,pci_dev_put,retval,virtfn->physfn,Global,4
kernel,acpiphp_enumerate_slots,pci_dev_get,pci_dev_put,retval,bridge->pci_dev,Global,4
kernel,tpci200_pci_probe,pci_dev_get,pci_dev_put,retval,,Global,4
kernel,p54p_probe,pci_dev_get,pci_dev_put,retval,,Global,8
kernel,adpt_detect,pci_dev_get,pci_dev_put,retval,,Global,96
kernel,bcm_vk_probe,pci_dev_get,pci_dev_put,retval,vk->pdev,Global,58
kernel,ubi_open_volume,ubi_get_device,put_device,retval,ubi,Local,6
kernel,call_connect_status,xprt_switch_get,xprt_switch_put,arg0,rcu_dereference,Global,2
kernel,rpc_clnt_add_xprt,xprt_switch_get,xprt_switch_put,arg0,rcu_dereference,Global,3
kernel,therm_of_probe,i2c_get_adapter,i2c_put_adapter,retval,adap,Local,2
kernel,kfr2r09_usb0_gadget_i2c_setup,i2c_get_adapter,i2c_put_adapter,retval,a,Local,4
kernel,snd_pmac_keywest_init,i2c_get_adapter,i2c_put_adapter,retval,adap,Local,2
kernel,kfr2r09_serial_i2c_setup,i2c_get_adapter,i2c_put_adapter,retval,a,Local,4
kernel,vpif_probe,i2c_get_adapter,i2c_put_adapter,retval,i2c_adap,Local,2
kernel,mlxreg_lc_probe,i2c_get_adapter,i2c_put_adapter,retval,data->hpdev.adapter,Global,2
kernel,vpfe_probe,i2c_get_adapter,i2c_put_adapter,retval,i2c_adap,Local,2
kernel,mlxreg_hotplug_device_create,i2c_get_adapter,i2c_put_adapter,retval,data->hpdev.adapter,Global,2
kernel,timbradio_probe,i2c_get_adapter,i2c_put_adapter,retval,,Global,2
kernel,oaktrail_lvds_init,i2c_get_adapter,i2c_put_adapter,retval,i2c_adap,Local,29
kernel,vpbe_initialize,i2c_get_adapter,i2c_put_adapter,retval,i2c_adap,Local,8
kernel,sta2x11_vip_init_one,i2c_get_adapter,i2c_put_adapter,retval,vip->adapter,Global,2
kernel,get_shared_pci_device_group,iommu_group_get,iommu_group_put,retval,group,Local,2
kernel,stm32_pctrl_get_irq_domain,of_irq_find_parent,of_node_put,retval,parent,Local,2
kernel,alpine_msix_init_domains,of_irq_find_parent,of_node_put,retval,gic_node,Local,4
kernel,ixp4xx_gpio_probe,of_irq_find_parent,of_node_put,retval,irq_parent,Local,2
kernel,platform_irqchip_probe,of_irq_find_parent,of_node_put,retval,par_np,Global,5
kernel,ti_sci_intr_alloc_parent_irq,of_irq_find_parent,of_node_put,retval,parent_node,Local,2
kernel,ti_sci_intr_irq_domain_probe,of_irq_find_parent,of_node_put,retval,parent_node,Local,8
kernel,visconti_gpio_probe,of_irq_find_parent,of_node_put,retval,irq_parent,Local,2
kernel,ti_sci_inta_irq_domain_probe,of_irq_find_parent,of_node_put,retval,parent_node,Local,11
kernel,msc313_gpio_probe,of_irq_find_parent,of_node_put,retval,parent_node,Local,6
kernel,sifive_gpio_probe,of_irq_find_parent,of_node_put,retval,irq_parent,Local,3
kernel,mvebu_gicp_probe,of_irq_find_parent,of_node_put,retval,irq_parent_dn,Local,4
kernel,am33xx_pm_probe,wkup_m3_ipc_get,wkup_m3_ipc_put,retval,m3_ipc,Global,4
kernel,intcp_init_of,of_find_matching_node,of_node_put,retval,cpcon,Local,2
kernel,omap3xxx_prm_late_init,of_find_matching_node,of_node_put,retval,np,Local,2
kernel,cm_init,of_find_matching_node,of_node_put,retval,cm,Global,2
kernel,bcm_kona_smc_init,of_find_matching_node,of_node_put,retval,node,Local,5
kernel,qoriq_cpufreq_probe,of_find_matching_node,of_node_put,retval,np,Local,2
kernel,ap_flash_init,of_find_matching_node,of_node_put,retval,ebi,Local,2
kernel,xilinx_pci_init,of_find_matching_node,of_node_put,retval,pci_node,Local,2
kernel,tegra114_clock_init,of_find_matching_node,of_node_put,retval,node,Local,3
kernel,ux500_pm_domains_init,of_find_matching_node,of_node_put,retval,np,Local,2
kernel,cci_probe,of_find_matching_node,of_node_put,retval,np,Local,3
kernel,gpio_halt_probe,of_find_matching_node,of_node_put,retval,halt_node,Global,4
kernel,spear_setup_of_timer,of_find_matching_node,of_node_put,retval,np,Local,4
kernel,tegra124_132_clock_init_pre,of_find_matching_node,of_node_put,retval,node,Local,3
kernel,integrator_ap_lm_probe,of_find_matching_node,of_node_put,retval,syscon,Local,4
kernel,integrator_soc_init,of_find_matching_node,of_node_put,retval,np,Local,5
kernel,tegra210_clock_init,of_find_matching_node,of_node_put,retval,node,Local,6
kernel,atl2c_of_init,of_find_matching_node,of_node_put,retval,np,Local,3
kernel,tegra_init_apbmisc,of_find_matching_node,of_node_put,retval,np,Local,2
kernel,tegra_uart_init,of_find_matching_node,of_node_put,retval,node,Local,8
kernel,brcmstb_pm_probe,of_find_matching_node,of_node_put,retval,dn,Local,4
kernel,pxa_dt_irq_init,of_find_matching_node,of_node_put,retval,node,Local,3
kernel,uniphier_cache_init,of_find_matching_node,of_node_put,retval,np,Local,2
kernel,sifive_l2_init,of_find_matching_node,of_node_put,retval,np,Local,5
kernel,gicv2m_of_init,of_find_matching_node,of_node_put,retval,child,Local,3
kernel,tegra_init_fuse,of_find_matching_node,of_node_put,retval,np,Local,3
kernel,fsl_pamu_probe,of_find_matching_node,of_node_put,retval,guts_node,Local,4
kernel,l2x0_of_init,of_find_matching_node,of_node_put,retval,np,Local,3
kernel,at91_pm_modes_init,of_find_matching_node,of_node_put,retval,np,Local,4
kernel,s500_smp_prepare_cpus,of_find_compatible_node,of_node_put,retval,node,Local,2
kernel,dcscb_init,of_find_compatible_node,of_node_put,retval,node,Local,4
kernel,axxia_boot_secondary,of_find_compatible_node,of_node_put,retval,syscon_np,Local,2
kernel,pmac_check_ht_link,of_find_compatible_node,of_node_put,retval,pcix_node,Local,2
kernel,zynq_get_revision,of_find_compatible_node,of_node_put,retval,np,Local,2
kernel,icp_hv_init,of_find_compatible_node,of_node_put,retval,np,Local,2
kernel,uv_init,of_find_compatible_node,of_node_put,retval,node,Local,3
kernel,hip04_smp_init,of_find_compatible_node,of_node_put,retval,np,Local,10
kernel,mtk_pcie_subsys_powerup,of_find_compatible_node,of_node_put,retval,cfg_node,Local,7
kernel,m10v_smp_init,of_find_compatible_node,of_node_put,retval,np,Local,2
kernel,ppc440spe_adma_setup_irqs,of_find_compatible_node,of_node_put,retval,np,Local,2
kernel,gsc_hwmon_get_devtree_pdata,of_find_compatible_node,of_node_put,retval,fan,Local,10
kernel,rcar_gen2_pm_init,of_find_compatible_node,of_node_put,retval,np,Local,2
kernel,npcm7xx_smp_prepare_cpus,of_find_compatible_node,of_node_put,retval,scu_np,Local,2
kernel,at91_get_cidr_exid_from_dbgu,of_find_compatible_node,of_node_put,retval,np,Local,2
kernel,tc2_pm_init,of_find_compatible_node,of_node_put,retval,np,Local,5
kernel,mxs_get_ocotp,of_find_compatible_node,of_node_put,retval,np,Local,2
kernel,socfpga_smp_prepare_cpus,of_find_compatible_node,of_node_put,retval,np,Local,2
kernel,altr_portb_setup,of_find_compatible_node,of_node_put,retval,np,Local,9
kernel,sun9i_a80_get_smp_nodes,of_find_compatible_node,of_node_put,retval,nodes->prcm_node,Global,3
kernel,enetc_pf_register_with_ierb,of_find_compatible_node,of_node_put,retval,ierb_node,Local,2
kernel,opal_psr_init,of_find_compatible_node,of_node_put,retval,psr,Local,2
kernel,meson_smp_prepare_cpus,of_find_compatible_node,of_node_put,retval,node,Local,3
kernel,meson_secure_pwrc_probe,of_find_compatible_node,of_node_put,retval,sm_np,Local,2
kernel,brcmstb_biuctrl_init,of_find_compatible_node,of_node_put,retval,np,Local,2
kernel,sun8i_a83t_get_smp_nodes,of_find_compatible_node,of_node_put,retval,nodes->prcm_node,Global,3
kernel,hi3xxx_smp_prepare_cpus,of_find_compatible_node,of_node_put,retval,np,Local,2
kernel,dpaa2_ptp_probe,of_find_compatible_node,of_node_put,retval,node,Local,6
kernel,ill_acc_of_setup,of_find_compatible_node,of_node_put,retval,np,Local,4
kernel,imx7_src_init,of_find_compatible_node,of_node_put,retval,np,Local,2
kernel,rcar_sysc_pd_init,of_find_compatible_node,of_node_put,retval,has_cpg_mstp,Global,6
kernel,ehci_hcd_ppc_of_probe,of_find_compatible_node,of_node_put,retval,np,Local,2
kernel,dtb_lapic_setup,of_find_compatible_node,of_node_put,retval,dn,Local,3
kernel,format_show,of_find_compatible_node,of_node_put,retval,node,Local,2
kernel,update_fec_mac_prop,of_find_compatible_node,of_node_put,retval,np,Local,3
kernel,aspeed_g6_smp_prepare_cpus,of_find_compatible_node,of_node_put,retval,secboot_node,Global,2
kernel,opal_sensor_groups_init,of_find_compatible_node,of_node_put,retval,sg,Local,2
kernel,at91_pm_modes_init,of_find_compatible_node,of_node_put,retval,np,Local,3
kernel,fsl_rio_setup,of_find_compatible_node,of_node_put,retval,np,Local,2
kernel,opal_powercap_init,of_find_compatible_node,of_node_put,retval,powercap,Local,5
kernel,sdhci_esdhc_probe,of_find_compatible_node,of_node_put,retval,,Global,32
kernel,dove_init_pmu,of_find_compatible_node,of_node_put,retval,np_pmu,Local,2
kernel,stratix10_svc_init,of_find_node_by_name,of_node_put,retval,fw_np,Local,2
kernel,mpic_msgr_block_number,of_find_node_by_name,of_node_put,retval,aliases,Local,3
kernel,vio_init,of_find_node_by_name,of_node_put,retval,cdev_node,Global,6
kernel,aspeed_adc_set_trim_data,of_find_node_by_name,of_node_put,retval,syscon,Local,2
kernel,pmu_i2c_probe,of_find_node_by_name,of_node_put,retval,busnode,Local,2
kernel,am33xx_pm_rtc_setup,of_find_node_by_name,of_node_put,retval,np,Local,3
kernel,imx_sc_thermal_probe,of_find_node_by_name,of_node_put,retval,np,Local,2
kernel,_init,of_find_node_by_name,of_node_put,retval,bus,Local,3
kernel,dwc3_octeon_device_init,of_find_node_by_name,of_node_put,retval,node,Local,3
kernel,via_pmu_start,of_find_node_by_name,of_node_put,retval,gpio_node,Global,5
kernel,create_opalcore,of_find_node_by_name,of_node_put,retval,dn,Local,2
kernel,probe_uninorth,of_find_node_by_name,of_node_put,retval,uninorth_node,Global,5
kernel,valkyriefb_init,of_find_node_by_name,of_node_put,retval,dp,Local,4
kernel,pmac_cpufreq_init_MacRISC3,of_find_node_by_name,of_node_put,retval,volt_gpio_np,Global,20
kernel,snd_pmac_detect,of_find_node_by_name,of_node_put,retval,chip->node,Global,3
kernel,of_find_spi_device_by_node,bus_find_device_by_of_node,put_device,retval,dev,Global,2
kernel,of_find_mipi_dsi_device_by_node,bus_find_device_by_of_node,put_device,retval,dev,Local,2
kernel,of_find_device_by_node,bus_find_device_by_of_node,put_device,retval,dev,Local,2
kernel,hi3670_pcie_get_resources_from_pcie,bus_find_device_by_of_node,put_device,retval,pcie_dev,Local,2
kernel,mpc7448_hpc2_init_IRQ,of_find_node_by_type,of_node_put,retval,tsi_pci,Local,2
kernel,dlpar_hp_pmem,of_find_node_by_type,of_node_put,retval,pmem_node,Global,3
kernel,pci_dma_bus_setup_pSeries,of_find_node_by_type,of_node_put,retval,isa_dn,Local,2
kernel,holly_init_IRQ,of_find_node_by_type,of_node_put,retval,tsi_pci,Local,2
kernel,chsc_get_next_subchannel,driver_find_device,put_device,retval,dev,Local,2
kernel,g5_cpufreq_init,of_cpu_device_node_get,of_node_put,retval,cpunode,Local,2
kernel,spm_cpuidle_register,of_cpu_device_node_get,of_node_put,retval,cpu_node,Local,2
kernel,parse_perf_domain,of_cpu_device_node_get,of_node_put,retval,cpu_np,Local,2
kernel,i82875p_setup_overfl_dev,pci_scan_single_device,pci_dev_put,retval,dev,Local,4
kernel,hp_zx1_setup,agp_alloc_bridge,agp_put_bridge,retval,bridge,Local,2
kernel,parisc_agp_setup,agp_alloc_bridge,agp_put_bridge,retval,bridge,Local,2
kernel,agp_amd64_probe,agp_alloc_bridge,agp_put_bridge,retval,bridge,Local,9
kernel,agp_amdk7_probe,agp_alloc_bridge,agp_put_bridge,retval,bridge,Local,2
kernel,xen_pcibk_xenbus_probe,alloc_pdev,free_pdev,retval,pdev,Global,4
kernel,atafb_probe,atari_stram_alloc,atari_stram_free,retval,screen_base,Global,6
kernel,get_ccwdev_by_dev_id,bus_find_device,put_device,retval,dev,Local,2
kernel,coresight_get_sink_by_id,bus_find_device,put_device,retval,dev,Local,2
kernel,get_subchannel_by_schid,bus_find_device,put_device,retval,dev,Local,2
kernel,__nvmem_device_get,bus_find_device,put_device,retval,dev,Para,4
kernel,scmdev_find,bus_find_device,put_device,retval,dev,Local,2
kernel,acpi_dev_get_next_match_dev,bus_find_device,put_device,retval,dev,Local,2
kernel,__of_iio_channel_get,bus_find_device,put_device,retval,idev,Local,2
kernel,ap_scan_adapter,bus_find_device,put_device,retval,dev,Local,29
kernel,chsc_async,chsc_get_next_subchannel,put_device,retval,sch,Local,8
kernel,of_genpd_add_provider_onecell,dev_pm_opp_get_opp_table,dev_pm_opp_put_opp_table,retval,genpd->opp_table,Global,3
kernel,devfreq_add_device,dev_pm_opp_get_opp_table,dev_pm_opp_put_opp_table,retval,devfreq->opp_table,Global,9
kernel,drbd_adm_dump_devices,drbd_find_resource,kref_put,retval,resource,Local,34
kernel,drbd_adm_dump_connections,drbd_find_resource,kref_put,retval,resource,Local,108
kernel,drbd_adm_prepare,drbd_find_resource,kref_put,retval,adm_ctx->resource,Global,28
kernel,dw_mipi_dsi_rockchip_host_attach,dw_mipi_dsi_rockchip_find_second,put_device,retval,second,Local,2
kernel,qcom_llcc_edac_probe,edac_device_alloc_ctl_info,edac_device_free_ctl_info,retval,edev_ctl,Local,2
kernel,highbank_l2_err_probe,edac_device_alloc_ctl_info,edac_device_free_ctl_info,retval,dci,Local,2
kernel,altr_portb_setup,edac_device_alloc_ctl_info,edac_device_free_ctl_info,retval,dci,Local,2
kernel,snd_tscm_probe,fw_unit_get,fw_unit_put,retval,tscm->unit,Global,7
kernel,snd_ff_probe,fw_unit_get,fw_unit_put,retval,ff->unit,Global,6
kernel,efw_probe,fw_unit_get,fw_unit_put,retval,efw->unit,Global,10
kernel,oxfw_probe,fw_unit_get,fw_unit_put,retval,oxfw->unit,Global,9
kernel,snd_dg00x_probe,fw_unit_get,fw_unit_put,retval,dg00x->unit,Global,7
kernel,dice_probe,fw_unit_get,fw_unit_put,retval,dice->unit,Global,8
kernel,bebob_probe,fw_unit_get,fw_unit_put,retval,bebob->unit,Global,29
kernel,motu_probe,fw_unit_get,fw_unit_put,retval,motu->unit,Global,16
kernel,get_l2cap_conn,hci_get_route,hci_dev_put,retval,hdev,Local,2
kernel,mlx5e_tc_add_fdb_flow,mlx5e_tc_int_port_get,mlx5e_tc_int_port_put,retval,int_port,Local,16
kernel,gb_sdio_probe,mmc_alloc_host,mmc_free_host,retval,mmc,Local,2
kernel,sh_mmcif_probe,mmc_alloc_host,mmc_free_host,retval,mmc,Local,3
kernel,meson_mmc_probe,mmc_alloc_host,mmc_free_host,retval,mmc,Local,2
kernel,vub300_probe,mmc_alloc_host,mmc_free_host,retval,mmc,Local,3
kernel,mxcmci_probe,mmc_alloc_host,mmc_free_host,retval,mmc,Local,25
kernel,clk_mt8173_mm_probe,mtk_alloc_clk_data,mtk_free_clk_data,retval,clk_data,Local,3
kernel,clk_mt2701_aud_probe,mtk_alloc_clk_data,mtk_free_clk_data,retval,clk_data,Local,2
kernel,clk_mt7622_audiosys_init,mtk_alloc_clk_data,mtk_free_clk_data,retval,clk_data,Local,2
kernel,clk_mt8167_mm_probe,mtk_alloc_clk_data,mtk_free_clk_data,retval,clk_data,Local,3
kernel,msm_hdmi_get_phy,of_find_device_by_node,put_device,retval,phy_pdev,Local,2
kernel,sun_floppy_init,of_find_device_by_node,put_device,retval,op,Local,2
kernel,sun8i_hdmi_phy_get,of_find_device_by_node,put_device,retval,pdev,Global,2
kernel,mvneta_bm_get,of_find_device_by_node,put_device,retval,pdev,Global,2
kernel,spm_cpuidle_register,of_find_device_by_node,put_device,retval,pdev,Local,5
kernel,qmp_get,of_find_device_by_node,put_device,retval,pdev,Local,2
kernel,ahci_platform_get_resources,of_find_device_by_node,put_device,retval,port_dev,Local,5
kernel,hidma_mgmt_of_populate_channels,of_find_device_by_node,put_device,retval,pdev_parent,Global,5
kernel,ti_dra7_xbar_route_allocate,of_find_device_by_node,put_device,retval,pdev,Global,4
kernel,of_get_mac_addr_nvmem,of_find_device_by_node,put_device,retval,pdev,Global,3
kernel,dwc3_octeon_device_init,of_find_device_by_node,put_device,retval,pdev,Local,2
kernel,st_dwc3_probe,of_find_device_by_node,put_device,retval,child_pdev,Local,2
kernel,dwc3_imx8mp_probe,of_find_device_by_node,put_device,retval,dwc3_imx->dwc3,Global,2
kernel,mtk_smi_device_link_common,of_find_device_by_node,put_device,retval,smi_com_pdev,Local,3
kernel,omap_iommu_probe_device,of_find_device_by_node,put_device,retval,pdev,Local,4
kernel,of_iomap,of_find_device_by_node,put_device,retval,op,Global,2
kernel,rcar_du_cmm_init,of_find_device_by_node,put_device,retval,pdev,Local,4
kernel,of_get_ocmem,of_find_device_by_node,put_device,retval,pdev,Local,2
kernel,dw_mipi_dsi_rockchip_find_second,of_find_device_by_node,put_device,retval,pdev,Local,3
kernel,dsi_get_phy,of_find_device_by_node,put_device,retval,phy_pdev,Local,2
kernel,emc_ensure_emc_driver,of_find_device_by_node,put_device,retval,pdev,Local,3
kernel,dwc3_meson_g12_find_child,of_find_device_by_node,put_device,retval,pdev,Local,2
kernel,hns_roce_get_cfg,of_find_device_by_node,put_device,retval,pdev,Local,11
kernel,apple_dart_of_xlate,of_find_device_by_node,put_device,retval,iommu_pdev,Global,7
kernel,pl111_vexpress_clcd_init,of_find_device_by_node,put_device,retval,pdev,Local,3
kernel,mtk_iommu_create_mapping,of_find_device_by_node,put_device,retval,m4updev,Local,3
kernel,fman_port_probe,of_find_device_by_node,put_device,retval,fm_pdev,Local,9
kernel,octeon_cf_probe,of_find_device_by_node,put_device,retval,dma_dev,Local,8
kernel,omap_usb2_probe,of_find_device_by_node,put_device,retval,control_pdev,Local,17
kernel,mtk_iommu_of_xlate,of_find_device_by_node,put_device,retval,m4updev,Local,2
kernel,nmk_gpio_populate_chip,of_find_device_by_node,put_device,retval,gpio_pdev,Local,4
kernel,omap2430_probe,of_find_device_by_node,put_device,retval,control_pdev,Local,4
kernel,lpc18xx_dmamux_reserve,of_find_device_by_node,put_device,retval,pdev,Global,6
kernel,stm32_dmamux_route_allocate,of_find_device_by_node,put_device,retval,pdev,Global,8
kernel,tegra_smmu_find,of_find_device_by_node,put_device,retval,pdev,Local,3
kernel,ti_am335x_xbar_route_allocate,of_find_device_by_node,put_device,retval,pdev,Global,5
kernel,ingenic_ecc_get,of_find_device_by_node,put_device,retval,pdev,Local,2
kernel,tegra210_xusb_padctl_probe,of_find_device_by_node,put_device,retval,pdev,Local,3
kernel,imx_icc_node_init_qos,of_find_device_by_node,put_device,retval,pdev,Local,2
kernel,ti_pipe3_get_sysctrl,of_find_device_by_node,put_device,retval,control_pdev,Local,5
kernel,a6xx_gmu_init,of_find_device_by_node,put_device,retval,pdev,Global,50
kernel,mtk_iommu_probe,of_find_device_by_node,put_device,retval,plarbdev,Local,9
kernel,kmb_probe,of_find_device_by_node,put_device,retval,dsi_pdev,Local,9
kernel,imx_hdmi_probe,of_find_device_by_node,put_device,retval,cpu_pdev,Local,15
kernel,sba_probe,of_find_device_by_node,put_device,retval,mbox_pdev,Local,4
kernel,tegra_mipi_request,of_find_device_by_node,put_device,retval,dev->pdev,Global,2
kernel,mac_probe,of_find_device_by_node,put_device,retval,of_dev,Local,50
kernel,mtk_ddp_comp_init,of_find_device_by_node,put_device,retval,comp_pdev,Local,6
kernel,versatile_reboot_probe,of_find_matching_node_and_match,of_node_put,retval,np,Local,3
kernel,rockchip_grf_init,of_find_matching_node_and_match,of_node_put,retval,np,Local,3
kernel,realview_gic_of_init,of_find_matching_node_and_match,of_node_put,retval,np,Local,2
kernel,rockchip_init_usb_uart,of_find_matching_node_and_match,of_node_put,retval,np,Local,10
kernel,psci_dt_init,of_find_matching_node_and_match,of_node_put,retval,np,Local,2
kernel,of_flash_probe_versatile,of_find_matching_node_and_match,of_node_put,retval,sysnp,Local,3
kernel,mvebu_mbus_dt_init,of_find_matching_node_and_match,of_node_put,retval,np,Local,5
kernel,tegra_init_fuse,of_find_matching_node_and_match,of_node_put,retval,np,Local,3
kernel,ls_uarts_init,of_find_node_by_path,of_node_put,retval,avr,Local,3
kernel,i8042_platform_init,of_find_node_by_path,of_node_put,retval,root,Global,3
kernel,opal_export_attrs,of_find_node_by_path,of_node_put,retval,np,Local,2
kernel,map_prom_timers,of_find_node_by_path,of_node_put,retval,dp,Local,5
kernel,arm_dt_init_cpu_maps,of_find_node_by_path,of_node_put,retval,cpus,Global,4
kernel,bcm4908_partitions_fw_offset,of_find_node_by_path,of_node_put,retval,root,Local,2
kernel,pnv_parse_cpuidle_dt,of_find_node_by_path,of_node_put,retval,np,Local,10
kernel,jbusmc_probe,of_find_node_by_path,of_node_put,retval,mem_node,Local,8
kernel,spufs_init_isolated_loader,of_find_node_by_path,of_node_put,retval,dn,Local,2
kernel,bbc_beep_probe,of_find_node_by_path,of_node_put,retval,dp,Local,4
kernel,fsl_guts_probe,of_find_node_by_path,of_node_put,retval,root,Global,8
kernel,of_unittest_parse_phandle_with_args_map,of_find_node_by_path,of_node_put,retval,np,Local,5
kernel,mxs_machine_init,of_find_node_by_path,of_node_put,retval,root,Local,3
kernel,of_alias_scan,of_find_node_by_path,of_node_put,retval,of_aliases,Global,6
kernel,pseries_of_derive_parent,of_find_node_by_path,of_node_put,retval,parent,Local,2
kernel,leon_init_timers,of_find_node_by_path,of_node_put,retval,rootnp,Local,15
kernel,partition_domain_translate,of_find_node_by_phandle,of_node_put,retval,np,Local,2
kernel,rockchip_pinctrl_parse_groups,of_find_node_by_phandle,of_node_put,retval,np_config,Local,3
kernel,mvebu_mbus_dt_init,of_find_node_by_phandle,of_node_put,retval,controller,Global,3
kernel,ls_extirq_parse_map,of_find_node_by_phandle,of_node_put,retval,ipar,Local,5
kernel,map_interrupts,of_find_node_by_phandle,of_node_put,retval,cpu_ictl,Local,2
kernel,pseries_devicetree_update,of_find_node_by_phandle,of_node_put,retval,np,Local,21
kernel,update_events_in_group,of_find_node_by_phandle,of_node_put,retval,pmu_events,Global,3
kernel,ti_sci_pm_domain_probe,of_find_node_with_property,of_node_put,retval,np,Local,7
kernel,ti_sci_scan_clocks_from_dt,of_find_node_with_property,of_node_put,retval,np,Local,8
kernel,sysc_add_named_clock_from_child,of_get_next_available_child,of_node_put,retval,child,Local,3
kernel,spi_byte_probe,of_get_next_available_child,of_node_put,retval,child,Local,5
kernel,lp8860_probe,of_get_next_available_child,of_node_put,retval,child_node,Local,6
kernel,p2wi_probe,of_get_next_available_child,of_node_put,retval,childnp,Local,19
kernel,omap_mbox_probe,of_get_next_available_child,of_node_put,retval,child,Local,13
kernel,dlpar_detach_node,of_get_next_child,of_node_put,retval,child,Local,2
kernel,mc_pcie_init_irq_domains,of_get_next_child,of_node_put,retval,pcie_intc_node,Local,3
kernel,get_gpio,of_get_next_child,of_node_put,retval,np,Local,3
kernel,rpcif_hb_probe,of_get_next_child,of_node_put,retval,hyperbus->hbdev.np,Global,2
kernel,tegra_nand_chips_init,of_get_next_child,of_node_put,retval,np_nand,Local,6
kernel,__graph_for_each_link,of_get_next_child,of_node_put,retval,cpu_ep,Para,4
kernel,of_get_display_timings,of_get_next_child,of_node_put,retval,entry,Local,3
kernel,am654_hbmc_probe,of_get_next_child,of_node_put,retval,priv->hbdev.np,Global,17
kernel,rockchip_gpiolib_register,of_get_parent,of_node_put,retval,pctlnp,Global,4
kernel,add_legacy_soc_port,of_get_parent,of_node_put,retval,tsi,Global,7
kernel,xemaclite_mdio_setup,of_get_parent,of_node_put,retval,np,Global,3
kernel,meson_aoclkc_probe,of_get_parent,of_node_put,retval,,Global,2
kernel,rockchip_gpio_probe,of_get_parent,of_node_put,retval,pctlnp,Global,5
kernel,berlin2q_clock_setup,of_get_parent,of_node_put,retval,parent_np,Global,3
kernel,of_syscon_icst_setup,of_get_parent,of_node_put,retval,parent,Local,11
kernel,berlin2_clock_setup,of_get_parent,of_node_put,retval,parent_np,Global,2
kernel,of_get_coresight_platform_data,of_graph_get_next_endpoint,of_node_put,retval,ep,Local,2
kernel,clcdfb_of_init_display,of_graph_get_next_endpoint,of_node_put,retval,endpoint,Local,6
kernel,sii8620_extcon_init,of_graph_get_remote_node,of_node_put,retval,musb,Local,3
kernel,anx7625_parse_dt,of_graph_get_remote_node,of_node_put,retval,pdata->mipi_host_node,Global,4
kernel,mdp4_modeset_init_intf,of_graph_get_remote_node,of_node_put,retval,panel_node,Local,2
kernel,ovl_verify_fh,ovl_get_fh,kfree,retval,ofh,Global,2
kernel,mhi_pci_probe,pci_store_saved_state,kfree,retval,mhi_pdev->pci_state,Global,3
kernel,g5_neo2_cpufreq_init,pmf_find_function,pmf_put_function,retval,pfunc_set_vdnap0,Global,2
kernel,mptsas_probe_one_phy,sas_port_alloc_num,sas_port_free,retval,port,Local,33
kernel,mptspi_write_spi_device_pg1,scsi_device_lookup_by_target,scsi_device_put,retval,sdev,Local,2
kernel,etnaviv_ioctl_gem_submit,sync_file_get_fence,dma_fence_put,retval,submit->in_fence,Global,8
kernel,tipc_crypto_rcv,tipc_aead_get,tipc_aead_put,retval,aead,Local,4
kernel,tipc_crypto_xmit,tipc_aead_get,tipc_aead_put,retval,aead,Local,2
kernel,typec_register_port,typec_mux_get,typec_mux_put,retval,port->mux,Global,2
kernel,__blkdev_direct_IO,bio_get,bio_put,arg0,bio,Local,4
kernel,gadgetfs_bind,usb_ep_alloc_request,usb_ep_free_request,retval,dev->req,Global,2
kernel,u_audio_start_capture,usb_ep_alloc_request,usb_ep_free_request,retval,req_fback,Global,2
kernel,f_audio_set_alt,usb_ep_alloc_request,usb_ep_free_request,retval,req,Local,3
kernel,lms283gf05_probe,gpiod_get_optional,gpiod_put,retval,st->reset,Global,2
kernel,rk3328_platform_probe,gpiod_get_optional,gpiod_put,retval,rk3328->mute,Global,8
kernel,wm8994_ldo_probe,gpiod_get_optional,gpiod_put,retval,gpiod,Local,3
kernel,sa1100fb_probe,gpiod_get_optional,gpiod_put,retval,fbi->shannon_lcden,Global,3
kernel,max8952_pmic_probe,gpiod_get_optional,gpiod_put,retval,gpiod,Local,4
kernel,nvmem_register,gpiod_get_optional,gpiod_put,retval,nvmem->wp_gpio,Global,271
kernel,sis190_get_mac_addr_from_apc,pci_get_device,pci_dev_put,arg0,PCI_VENDOR_ID_SI,Global,2
kernel,get_all_munits,pci_get_device,pci_dev_put,arg0,PCI_VENDOR_ID_INTEL,Global,11
kernel,pasemi_nand_probe,pci_get_device,pci_dev_put,arg0,PCI_VENDOR_ID_PASEMI,Global,4
kernel,cr_backlight_probe,pci_get_device,pci_dev_put,arg0,PCI_VENDOR_ID_INTEL,Global,5
kernel,i7300_get_devices,pci_get_device,pci_dev_put,arg0,PCI_VENDOR_ID_INTEL,Global,2
kernel,i82975x_init,pci_get_device,pci_dev_put,arg0,PCI_VENDOR_ID_INTEL,Global,2
kernel,i3000_init,pci_get_device,pci_dev_put,arg0,PCI_VENDOR_ID_INTEL,Global,2
kernel,alim7101_wdt_init,pci_get_device,pci_dev_put,arg0,PCI_VENDOR_ID_AL,Global,10
kernel,i82443bxgx_edacmc_init,pci_get_device,pci_dev_put,arg0,id,Local,2
kernel,cr_pll_init,pci_get_device,pci_dev_put,arg0,PCI_VENDOR_ID_INTEL,Global,4
kernel,init_amd76xrom,pci_get_device,pci_dev_put,arg0,id,Local,2
kernel,cdnsp_get_second_fun,pci_get_device,pci_dev_put,arg0,pdev,Para,2
kernel,jmicron_probe,pci_get_device,pci_dev_put,arg0,PCI_VENDOR_ID_JMICRON,Global,4
kernel,e752x_get_devs,pci_get_device,pci_dev_put,arg0,PCI_VENDOR_ID_INTEL,Global,2
kernel,enable_arbiter_disable,pci_get_device,pci_dev_put,arg0,PCI_VENDOR_ID_VIA,Global,12
kernel,i82860_init,pci_get_device,pci_dev_put,arg0,PCI_VENDOR_ID_INTEL,Global,2
kernel,cdns3_get_second_fun,pci_get_device,pci_dev_put,arg0,pdev,Para,2
kernel,setup_ibs_ctl,pci_get_device,pci_dev_put,arg0,PCI_VENDOR_ID_AMD,Global,3
kernel,vmlfb_get_gpu,pci_get_device,pci_dev_put,arg0,PCI_VENDOR_ID_INTEL,Global,2
kernel,cs5530_init_chip,pci_get_device,pci_dev_put,arg0,PCI_VENDOR_ID_CYRIX,Global,6
kernel,amd_freq_sensitivity_init,pci_get_device,pci_dev_put,arg0,pci_vendor,Local,5
kernel,q_num_set,pci_get_device,pci_dev_put,arg0,PCI_VENDOR_ID_HUAWEI,Global,3
kernel,longhaul_setup_southbridge,pci_get_device,pci_dev_put,arg0,PCI_VENDOR_ID_VIA,Global,2
kernel,check_tylersburg_isoch,pci_get_device,pci_dev_put,arg0,PCI_VENDOR_ID_INTEL,Global,7
kernel,amd8111_pci_probe,pci_get_device,pci_dev_put,arg0,PCI_VENDOR_ID_AMD,Global,4
kernel,skx_get_hi_lo,pci_get_device,pci_dev_put,arg0,PCI_VENDOR_ID_INTEL,Global,4
kernel,init_ichxrom,pci_get_device,pci_dev_put,arg0,id,Local,2
kernel,viafb_get_fb_size_from_pci,pci_get_device,pci_dev_put,arg0,PCI_VENDOR_ID_VIA,Global,9
kernel,cgx_print_stats,pci_get_device,pci_dev_put,arg0,PCI_VENDOR_ID_CAVIUM,Global,15
kernel,i82875p_init,pci_get_device,pci_dev_put,arg0,PCI_VENDOR_ID_INTEL,Global,2
kernel,pci_amd_enable_64bit_bar,pci_get_device,pci_dev_put,arg0,dev,Para,15
kernel,oaktrail_hdmi_setup,pci_get_device,pci_dev_put,arg0,PCI_VENDOR_ID_INTEL,Global,4
kernel,snb_pci2phy_map_init,pci_get_device,pci_dev_put,arg0,PCI_VENDOR_ID_INTEL,Global,2
kernel,e7xxx_probe1,pci_get_device,pci_dev_put,arg0,PCI_VENDOR_ID_INTEL,Global,2
kernel,init_ck804xrom,pci_get_device,pci_dev_put,arg0,id,Local,3
kernel,i3200_init,pci_get_device,pci_dev_put,arg0,PCI_VENDOR_ID_INTEL,Global,2
kernel,ali_find_watchdog,pci_get_device,pci_dev_put,arg0,PCI_VENDOR_ID_AL,Global,6
kernel,i5400_get_devices,pci_get_device,pci_dev_put,arg0,PCI_VENDOR_ID_INTEL,Global,2
kernel,sis630e_get_mac_addr,pci_get_device,pci_dev_put,arg0,PCI_VENDOR_ID_SI,Global,2
kernel,amd8111_dev_probe,pci_get_device,pci_dev_put,arg0,PCI_VENDOR_ID_AMD,Global,4
kernel,init_esb2rom,pci_get_device,pci_dev_put,arg0,id,Local,3
kernel,dw_spi_dma_init_mfld,pci_get_device,pci_dev_put,arg0,PCI_VENDOR_ID_INTEL,Global,3
kernel,skx_get_all_bus_mappings,pci_get_device,pci_dev_put,arg0,PCI_VENDOR_ID_INTEL,Global,2
kernel,i82875p_setup_overfl_dev,pci_get_device,pci_dev_put,arg0,PCI_VEND_DEV,Global,7
kernel,snd_ali_create,pci_get_device,pci_dev_put,arg0,,Global,3
kernel,sad_cfg_iio_topology,pci_get_device,pci_dev_put,arg0,PCI_VENDOR_ID_INTEL,Global,2
kernel,sis5595_setup,pci_get_device,pci_dev_put,arg0,PCI_VENDOR_ID_SI,Global,15
kernel,ie31200_init,pci_get_device,pci_dev_put,arg0,ie31200_pci_tbl,Global,4
kernel,i5000_get_devices,pci_get_device,pci_dev_put,arg0,PCI_VENDOR_ID_INTEL,Global,2
kernel,x38_init,pci_get_device,pci_dev_put,arg0,PCI_VENDOR_ID_INTEL,Global,2
kernel,pasemi_mac_probe,pci_get_device,pci_dev_put,arg0,PCI_VENDOR_ID_PASEMI,Global,8
kernel,zt5550_hc_init_one,pci_get_device,pci_dev_put,arg0,PCI_VENDOR_ID_DEC,Global,3
kernel,amd_chipset_sb_type_init,pci_get_device,pci_dev_put,arg0,PCI_VENDOR_ID_ATI,Global,7
kernel,find_gmch,pci_get_device,pci_dev_put,arg0,PCI_VENDOR_ID_INTEL,Global,2
kernel,via_init_one,pci_get_device,pci_dev_put,arg0,PCI_VENDOR_ID_VIA,Global,12
kernel,init_l440gx,pci_get_device,pci_dev_put,arg0,PCI_VENDOR_ID_INTEL,Global,7
kernel,sis5595_pci_probe,pci_get_device,pci_dev_put,arg0,PCI_VENDOR_ID_SI,Global,12
kernel,init_pmc551,pci_get_device,pci_dev_put,arg0,PCI_VENDOR_ID_V3_SEMI,Global,8
kernel,sbridge_get_onedevice,pci_get_device,pci_dev_put,arg0,PCI_VENDOR_ID_INTEL,Global,8
kernel,sis630_setup,pci_get_device,pci_dev_put,arg0,PCI_VENDOR_ID_SI,Global,13
kernel,falcon_probe_nic,pci_get_device,pci_dev_put,arg0,PCI_VENDOR_ID_SOLARFLARE,Global,12
kernel,pasemi_dma_init,pci_get_device,pci_dev_put,arg0,PCI_VENDOR_ID_PASEMI,Global,18
kernel,init_scx200_docflash,pci_get_device,pci_dev_put,arg0,PCI_VENDOR_ID_NS,Global,12
kernel,sis_init_one,pci_get_device,pci_dev_put,arg0,PCI_VENDOR_ID_SI,Global,36
kernel,i7core_get_onedevice,pci_get_device,pci_dev_put,arg0,PCI_VENDOR_ID_INTEL,Global,36
kernel,hvfb_getmem,pci_get_device,pci_dev_put,arg0,PCI_VENDOR_ID_MICROSOFT,Global,8
kernel,hyperv_setup_gen1,pci_get_device,pci_dev_put,arg0,PCI_VENDOR_ID_MICROSOFT,Global,4
kernel,sonypi_probe,pci_get_device,pci_dev_put,arg0,PCI_VENDOR_ID_INTEL,Global,44
kernel,broadwell_mci_bind_devs,pci_get_device,pci_dev_put,arg0,PCI_VENDOR_ID_INTEL,Global,18
kernel,adpt_detect,pci_get_device,pci_dev_put,arg0,PCI_DPT_VENDOR_ID,Global,49
kernel,haswell_mci_bind_devs,pci_get_device,pci_dev_put,arg0,PCI_VENDOR_ID_INTEL,Global,20
kernel,intel_rng_mod_init,pci_get_device,pci_dev_put,arg0,pci_tbl,Global,13
kernel,mthca_reset,pci_get_device,pci_dev_put,arg0,mdev,Para,348
kernel,azx_first_init,pci_get_device,pci_dev_put,arg0,PCI_VENDOR_ID_ATI,Global,24
kernel,sof_wm8804_probe,acpi_dev_get_first_match_dev,acpi_dev_put,retval,adev,Local,2
kernel,sof_es8336_probe,acpi_dev_get_first_match_dev,acpi_dev_put,retval,adev,Local,8
kernel,bytcht_da7213_probe,acpi_dev_get_first_match_dev,acpi_dev_put,retval,adev,Local,9
kernel,snd_byt_wm5102_mc_probe,acpi_dev_get_first_match_dev,acpi_dev_put,retval,adev,Local,5
kernel,snd_byt_cht_cx2072x_probe,acpi_dev_get_first_match_dev,acpi_dev_put,retval,adev,Local,5
kernel,pmc_usb_probe_iom,acpi_dev_get_first_match_dev,acpi_dev_put,retval,adev,Local,2
kernel,axp288_extcon_probe,acpi_dev_get_first_match_dev,acpi_dev_put,retval,adev,Local,19
kernel,snd_byt_cht_es8316_mc_probe,acpi_dev_get_first_match_dev,acpi_dev_put,retval,adev,Local,38
kernel,snd_cht_mc_probe,acpi_dev_get_first_match_dev,acpi_dev_put,retval,adev,Local,143
kernel,snd_byt_rt5651_mc_probe,acpi_dev_get_first_match_dev,acpi_dev_put,retval,adev,Local,1405
kernel,drm_mode_gamma_get_ioctl,drm_crtc_find,drm_crtc_vblank_put,retval,crtc,Local,4
kernel,r600_cs_common_vline_parse,drm_crtc_find,drm_crtc_vblank_put,retval,crtc,Local,2
kernel,drm_mode_gamma_set_ioctl,drm_crtc_find,drm_crtc_vblank_put,retval,crtc,Local,6
kernel,r100_cs_packet_parse_vline,drm_crtc_find,drm_crtc_vblank_put,retval,crtc,Local,2
kernel,drm_mode_cursor_common,drm_crtc_find,drm_crtc_vblank_put,retval,crtc,Local,28
kernel,drm_crtc_queue_sequence_ioctl,drm_crtc_find,drm_crtc_vblank_put,retval,crtc,Local,4
kernel,intel_overlay_put_image_ioctl,drm_crtc_find,drm_crtc_vblank_put,retval,drmmode_crtc,Local,16
kernel,drm_mode_setcrtc,drm_crtc_find,drm_crtc_vblank_put,retval,crtc,Local,874
kernel,altera_ci_tuner_reset,find_inode,iput,retval,temp_int,Global,2
kernel,altera_hw_filt_init,find_inode,iput,retval,temp_int,Global,3
kernel,altera_ci_init,find_inode,iput,retval,temp_int,Global,4
kernel,bfs_write_inode,find_inode,iput,retval,di,Local,5
kernel,stv0900_init_internal,find_inode,iput,retval,temp_int,Global,2
kernel,get_tree_mtd,get_mtd_device_nm,put_mtd_device,retval,mtd,Local,2
kernel,nvram_init,get_mtd_device_nm,put_mtd_device,retval,mtd,Local,3
kernel,init_kfd_vm,get_task_pid,put_pid,retval,info->pid,Global,4
kernel,j1939_xtp_rx_dat_one,j1939_session_skb_get_by_offset,kfree_skb,retval,se_skb,Local,35
kernel,pm_init,kobject_create_and_add,kobject_put,retval,power_kobj,Global,2
kernel,speakup_kobj_init,kobject_create_and_add,kobject_put,retval,accessibility_kobj,Global,2
kernel,bcache_init,kobject_create_and_add,kobject_put,retval,bcache_kobj,Global,3
kernel,opalcore_init,kobject_create_and_add,kobject_put,retval,mpipl_kobj,Global,3
kernel,secvar_sysfs_init,kobject_create_and_add,kobject_put,retval,secvar_kobj,Global,2
kernel,btrfs_sysfs_add_qgroups,kobject_create_and_add,kobject_put,retval,fs_info->qgroups_kobj,Global,3
kernel,rtrs_srv_create_once_sysfs_root_folders,kobject_create_and_add,kobject_put,retval,srv->kobj_paths,Global,2
kernel,dmi_init,kobject_create_and_add,kobject_put,retval,dmi_kobj,Global,5
kernel,widget_tree_create,kobject_create_and_add,kobject_put,retval,tree->root,Global,4
kernel,hidma_mgmt_init_sys,kobject_create_and_add,kobject_put,retval,chanops,Local,5
kernel,fadump_init_files,kobject_create_and_add,kobject_put,retval,fadump_kobj,Global,10
kernel,ext4_init_sysfs,kobject_create_and_add,kobject_put,retval,ext4_root,Global,2
kernel,acpi_tables_sysfs_init,kobject_create_and_add,kobject_put,retval,tables_kobj,Global,3
kernel,efi_mokvar_sysfs_init,kobject_create_and_add,kobject_put,retval,mokvar_kobj,Global,4
kernel,intel_pstate_sysfs_expose_params,kobject_create_and_add,kobject_put,retval,intel_pstate_kobject,Global,3
kernel,opal_sys_param_init,kobject_create_and_add,kobject_put,retval,sysparam_kobj,Global,6
kernel,kfd_build_sysfs_node_entry,kobject_create_and_add,kobject_put,retval,dev->kobj_mem,Global,19
kernel,opal_powercap_init,kobject_create_and_add,kobject_put,retval,powercap_kobj,Global,4
kernel,uv_sysfs_init,kobject_create_and_add,kobject_put,retval,sgi_uv_kobj,Global,2
kernel,btrfs_sysfs_add_fsid,kobject_create_and_add,kobject_put,retval,fs_devs->devices_kobj,Global,2
kernel,trace__set_filter_loop_pids,machine__find_thread,thread__put,retval,thread,Global,3
kernel,fence_chains_init,mock_fence,dma_fence_put,retval,fc->fences[i],Global,2
kernel,ag71xx_mdio_probe,of_reset_control_get_exclusive,reset_control_put,retval,ag->mdio_reset,Global,3
kernel,hisi_inno_phy_probe,of_reset_control_get_exclusive,reset_control_put,retval,rst,Local,3
kernel,stm32_pctl_probe,of_reset_control_get_exclusive,reset_control_put,retval,bank->rstc,Global,4
kernel,prestera_bridge_port_join,prestera_bridge_create,prestera_bridge_put,retval,bridge,Local,3
kernel,nd_region_probe,sysfs_get_dirent,sysfs_put,retval,nd_region->bb_state,Global,4
kernel,rpc_switch_client_transport,xprt_switch_alloc,xprt_switch_put,retval,xps,Local,2
kernel,rpc_create_xprt,xprt_switch_alloc,xprt_switch_put,retval,xps,Local,3
kernel,rockchip_gpiolib_register,of_node_get,of_node_put,retval,gc->of_node,Global,6
kernel,pata_macio_pci_attach,of_node_get,of_node_put,retval,priv->node,Global,2
kernel,of_create_spu,of_node_get,of_node_put,retval,spu->devnode,Global,7
kernel,tegra_xusb_port_init,of_node_get,of_node_put,retval,port->dev.of_node,Global,2
kernel,genpd_dev_pm_attach_by_id,of_node_get,of_node_put,retval,virt_dev->of_node,Global,2
kernel,pfuze_parse_regulators_dt,of_node_get,of_node_put,retval,np,Local,3
kernel,xgene_pcie_probe,of_node_get,of_node_put,retval,port->node,Global,2
kernel,am65_cpsw_nuss_init_slave_ports,of_node_get,of_node_put,retval,port->slave.phy_node,Global,5
kernel,komeda_parse_dt,of_node_get,of_node_put,retval,mdev->pipelines[pipe_id]->of_node,Global,2
kernel,platform_device_register_full,of_node_get,of_node_put,retval,pdev->dev.of_node,Global,5
kernel,of_amba_device_create,of_node_get,of_node_put,retval,dev->dev.of_node,Global,8
kernel,read_dts_node,of_node_get,of_node_put,retval,fm_node,Local,10
kernel,hvc_opal_init_early,of_node_get,of_node_put,retval,stdout_node,Global,8
kernel,cache_setup_of_node,of_node_get,of_node_put,retval,np,Local,2
kernel,ehea_register_port,of_node_get,of_node_put,retval,port->ofdev.dev.of_node,Global,3
kernel,cpsw_probe_dt,of_node_get,of_node_put,retval,slave_data->phy_node,Global,3
kernel,update_usages_of_a_phandle_reference,of_node_get,of_node_put,retval,,Global,8
kernel,setup_msi_msg_address,of_node_get,of_node_put,retval,dn,Local,7
kernel,qcom_smd_parse_edge,of_node_get,of_node_put,retval,edge->of_node,Global,10
kernel,i2c_pnx_probe,of_node_get,of_node_put,retval,alg_data->adapter.dev.of_node,Global,7
kernel,ppc4xx_probe_pciex_bridge,of_node_get,of_node_put,retval,port->node,Global,18
kernel,pata_macio_attach,of_node_get,of_node_put,retval,priv->node,Global,2
kernel,__fixed_phy_register,of_node_get,of_node_put,retval,,Global,3
kernel,omap_gpio_probe,of_node_get,of_node_put,retval,bank->chip.of_node,Global,26
kernel,i3c_master_register,of_node_get,of_node_put,retval,master->dev.of_node,Global,18
kernel,fsi_master_gpio_probe,of_node_get,of_node_put,retval,master->master.dev.of_node,Global,7
kernel,cpm_i2c_probe,of_node_get,of_node_put,retval,cpm->adap.dev.of_node,Global,2
kernel,i2c_new_client_device,of_node_get,of_node_put,retval,client->dev.of_node,Global,3
kernel,ltc294x_i2c_probe,of_node_get,of_node_put,retval,np,Local,27
kernel,palmas_i2c_probe,of_node_get,of_node_put,retval,palmas->i2c_clients[i]->dev.of_node,Global,367
kernel,regulator_register,of_node_get,of_node_put,retval,rdev->dev.of_node,Global,1004
